"y","x1","x2","x3","z"
1703269.97258301,-165773.268895776,44395.2435344779,25042.0127514867,4767.92555620838
1707072.29757952,-132758.40748454,47698.2251051672,24600.4495623381,19738.7575825526
2467177.3120994,-235549.76655352,65587.0831414912,34820.1975942334,4168.21656756604
1951705.72220472,-157048.363276761,50705.0839142458,33678.2486714327,39384.5529408615
1371292.0231437,-29320.7217400108,51292.8773516095,9506.57225249568,18482.717502123
2805299.99548146,-312454.616045579,67150.6498688328,45405.7345571938,2694.63367807044
2390350.8111951,-304665.170893332,54609.162059892,37497.2573598519,-21137.8592817066
2507167.93851938,-409900.213006051,37349.3876539347,59162.0737314833,2126.37788207921
1939981.58083711,-181062.140148648,43131.4714810647,41851.982380511,55920.3770426563
1887358.93440412,-206148.617898802,45543.3802990004,30530.4069103801,3784.7515773787
3201624.44231593,-444120.960325613,62240.8179743946,62973.911469581,-1719.98611705716
2893823.18039119,-387188.284904685,53598.1382705736,63322.2602391551,28058.9500555569
1785799.12441941,-112209.353882838,54007.7145059405,22812.8818370982,23825.8624968587
2166396.88707111,-217677.219684916,51106.8271594512,39690.3195595542,30032.5811318255
1905327.73456747,-211355.492504612,44441.5886524592,32887.5308136785,9440.49829689326
2443354.00776289,-183041.070850341,67869.1313680308,36870.5114655401,37453.0843251934
2341972.01830288,-277819.907581089,54978.5047822924,37275.4272856881,-8452.17720396019
1267904.46271078,-128476.664233729,30333.8284337036,22380.9953713095,14022.4646405268
2367586.10000673,-263121.861409747,57013.5590156369,37855.8958024256,917.193255640865
2396587.08764167,-310251.872447204,45272.0859227207,52492.473631418,28615.1727603437
1768139.03626176,-198240.869393696,39321.7629401315,33359.099958652,17600.1352280427
1885403.94223735,-159252.730823265,47820.250853417,33370.7328930155,37194.1616354027
2060677.99651981,-230391.529761243,39739.9555169276,48985.7200633747,56170.0173796269
2142449.57259223,-272246.857177127,42711.0877070886,43983.9624068295,17813.1106344997
1507813.29055065,-121193.014510538,43749.6073215074,18515.0518161871,4307.66695603235
1812205.69690859,-263986.874197112,33133.0668925759,37285.5697326219,-1470.33453037408
2747190.61576475,-341432.902909346,58377.8704449452,51535.4723467773,9739.32035538711
2507442.026985,-317071.253479365,51533.7311783652,49152.7634991914,13607.9632727924
1766336.34884374,-164718.614813064,38618.6306298805,39199.5160381423,54836.0382944115
2650549.25971335,-310585.052143744,62538.1492106993,42212.2080711289,-7582.19085475537
1920484.29416268,-175019.375296654,54264.6422147681,23030.6478781132,-6864.34873049764
2119139.07834069,-252460.76152702,47049.2851700773,38001.3156688137,6840.66619364442
1961675.45540896,-124746.399071643,58951.2566104502,25455.5106481218,26751.1892699663
2078210.78703934,-150249.313370953,58781.3348753304,30419.8193190306,31422.2371947481
2593408.83893844,-316739.345654731,58215.8108163749,44356.036837796,-3158.69398483693
1899681.77699723,-130278.487627126,56886.4025410009,23631.0688830886,17540.7721269918
2276022.33128855,-235559.525827974,55539.1765353759,37669.1825087306,14142.1404420485
2080193.0931996,-197237.390832134,49380.8828942328,39283.3203947154,38904.1294085153
1927680.33269334,-175171.426823183,46940.3733626008,35549.1196983963,36783.8447300411
2517883.66641589,-355061.251229393,46195.2899898762,53221.8882183542,8754.38611130958
1620489.52046001,-141594.984744009,43052.9302107949,24776.5267142475,15919.8753332384
2139613.94711876,-231278.489742032,47920.827219804,41061.302614356,28054.4522680309
1886270.65796161,-274851.882322664,37346.0364843174,34110.6943254933,-18069.8527319393
2520563.18213323,-209031.957236956,71689.5596533851,32391.6775616608,8794.58069039909
2431640.01507041,-224414.214472706,62079.6199830499,39640.9123385238,26497.4576800496
1568027.58364844,-164639.001533736,38768.9141679665,24795.9940931607,4535.35691239763
1614560.59278559,-125491.406590171,45971.1516470092,21865.4908348159,13801.6359730362
1825707.30321288,-181196.410283929,45333.4464637678,30055.1912451658,14579.8492913259
2797798.52695649,-366580.037043146,57799.6511833632,52517.5714975545,526.935713673751
2146418.25604571,-258900.644198132,49166.3093352817,35557.6477461252,-4889.59672356783
2237178.61703381,-246270.908748377,52533.1851399475,38314.3439822789,11002.6553000374
2037586.14243897,-215490.393159723,49714.532446513,33101.5336232246,8059.44354385829
2125084.85506052,-214554.883894103,49571.2954270868,39704.9273195383,31681.9013132291
1996363.81965953,-87334.3995327644,63686.0228401446,25483.2045698285,45597.6442498985
2343176.32198017,-296509.035213848,47742.2901434073,46579.1046656864,14761.5524126671
2550606.78966317,-239998.359264554,65164.7060442954,40847.0526024135,22973.4398498309
1493437.30506288,-161297.72958047,34512.4719576978,26935.471773083,13591.6937218854
2171143.49808344,-194553.677591419,55846.1374963607,35545.5324581199,27027.1968776226
2281922.47475831,-256554.984886893,51238.5424384461,42163.3161949912,19369.9092455759
2257088.88641279,-244627.855021613,52159.4156874397,40577.309820546,19731.9100372042
2483423.0184341,-274232.652300776,53796.3948275988,49819.3401587688,37258.3025523201
1862118.35823716,-211801.323633217,44976.765468907,28870.1224510515,-4748.42298790909
2190122.21237556,-235218.124558904,46667.9261633058,46161.3661549039,43957.2802625099
2098160.42210611,-273653.181112483,39814.2461689291,45365.4800994122,21982.2482435966
1763133.38816898,-196169.740061454,39282.0877352442,33375.1686809715,18616.4402142439
1911876.88513923,-169386.60316908,53035.2864140426,25240.7330717811,3795.16297738843
1880969.70987183,-145166.118184564,54482.0977862943,24108.5480911548,11722.4481683494
2180184.56970592,-231996.892412161,50530.042267305,39577.8695794497,22473.6960886089
2427247.12476408,-292496.189772512,59222.6746787974,34288.7326627911,-26274.2851479684
3087690.99893948,-363583.383433853,70500.8468562714,52791.0266685145,2969.56102323815
2060195.64654837,-229091.072772022,45089.6883394346,40351.379604962,26719.8322461162
1457896.28691713,-200632.567052548,26908.3112435919,31280.551248365,9110.3642729645
2078445.08078498,-175321.719131076,60057.3852446226,24744.5775150289,-1010.55090968525
1794663.73813358,-199590.187841246,42907.9923741761,29175.9832539475,2286.1093773002
1988927.93408125,-229531.96228772,43119.9138353264,38428.8839289733,19714.9806482809
2310321.42430112,-248720.246280291,60255.713696967,30490.6535294335,-17696.6476969502
2078797.01780274,-216206.593436009,47152.2699294899,40142.3012023069,32424.5848116441
1869259.31291573,-278411.822088351,37792.8228774546,31656.6194783022,-28378.693488719
2122367.80225353,-227714.179620628,51813.0347974915,33944.4009120552,4933.20955368882
1896522.75910447,-195321.05354684,48611.0863756096,27694.9032719217,-743.649579469729
2704359.40543683,-398159.659490146,50057.6418589989,54050.435849087,-9972.00419096838
2337888.75650252,-281351.274864607,53852.8040112633,38326.2173147039,-6558.14680225908
2029483.26855629,-221126.776686803,46293.3996820759,37306.3364049945,20001.547072112
1754032.62203308,-101276.330222359,56443.7654851883,18081.3758511593,12604.5193756824
2228056.11035191,-273273.899048144,47795.1343818125,41597.9189954933,8982.9473509428
2045124.29340228,-236067.602612066,53317.819639157,24763.7641112029,-31415.2755116371
2178722.88162684,-205668.572415417,60968.3901314935,26084.784256457,-11486.4142299157
2437986.36880391,-284502.351732886,54351.814908338,44183.4117102165,12373.8577507459
1938839.30224615,-218603.045441308,46740.6841446877,30472.9935349177,-2560.7030602612
1908513.54239444,-124460.052686397,61488.0761845109,17516.2771999682,-935.378606220165
2710464.00035162,-297068.455485461,59935.0385596212,52699.0410988935,35990.8142599541
1516492.47370557,-41581.1297763265,55483.9695950807,11225.9307460748,18511.7669703468
2369229.11195233,-297026.337500728,52387.3173511144,40728.1152985958,-5876.8924327754
2248045.73307102,-305019.250019001,43720.9392396063,45172.4924908461,5626.07969995571
2229334.86610261,-182306.005286791,63606.5244853001,28690.3213333947,9301.93036898261
2110734.31129696,-273256.423382914,43997.4041285287,39442.8705141155,1394.09637529793
2773140.30081362,-284359.48381999,71873.3299301658,39391.3038838856,-4281.07220989129
2718142.4111878,-289992.643494219,65326.1062618519,45406.2315291451,13963.9183599921
2091769.53002212,-219117.016807105,47642.9964089952,39840.9938795252,29823.8943903952
1746848.12998358,-188617.138279864,39735.7909969322,32551.1622090748,19537.0400713459
2179008.86000136,-287015.976526024,42895.934363007,44159.9205794021,10997.0597456848
2322703.8445517,-255679.879415445,52568.8370915653,43006.2235650977,22756.4048953765
1687185.55832006,-117555.767620175,47533.0812153763,25634.3096586421,30878.3673410299
1609410.6883403,-122688.291707307,46524.5740060227,20992.1256600427,12189.7208350327
1859463.43822326,-207994.414943886,40483.8143273498,36602.7753999318,24116.1039789175
2074402.39124544,-241572.104228844,49549.7227519108,32260.3762522482,-7911.45814171928
1633590.69953138,-156019.678355433,42150.9553054292,25144.608874377,10006.9862366226
1743533.99317027,-237702.117866176,33320.5806341186,35839.3067951503,6594.03449011917
1597227.59112712,-114761.124760892,46197.7347971224,21800.0347351309,18913.2900712008
2297740.72088928,-211950.278236904,59189.9660906077,36612.263513262,22146.3902768597
1772491.24161864,-176158.596964052,44246.5303739161,28750.7161245808,12527.6404200532
2539510.45076419,-312822.704230452,56079.6432222503,44571.6427419248,-324.284455796029
2451237.42698956,-421920.373376102,33821.1729171084,59244.8914116153,-3594.28433569437
1778344.96146191,-139711.944665521,49444.3803447546,25840.2075631321,20570.4122120416
2377028.20418295,-234703.943873828,55194.0720394346,45576.6417094298,42136.7370455084
2433250.13276759,-304277.640769384,53011.5336216671,43251.4972776828,-742.711898593901
2105545.95475841,-225548.616354556,51056.7619414894,34298.0577569464,7304.02655405611
1769505.74381095,-170154.290186091,43592.9399169462,30463.5362594299,21613.6112050389
2360125.30423416,-347529.238206029,41502.9565396642,50753.0770683748,3907.5909987434
1263167.74924332,-69767.2126232089,39758.7120939509,14945.4218176375,17431.4462964091
1920919.17298885,-171943.729872465,51176.4659710013,28568.0520840634,14048.0776604328
1511774.40467759,-145411.552297811,40525.253858152,20631.5655634222,-525.031811333653
2281389.19871238,-279377.540557603,45094.4255629933,48953.1343894608,31628.8250227662
1890320.61676092,-167959.32006941,47439.0780780175,33092.9656735514,31926.1567444594
2265040.61964206,-137275.702586355,68438.6200523221,29753.2880053033,35482.790133144
2709995.3237125,-387109.079271526,43480.5009830454,66840.4447406633,40359.9317236475
2150651.63800194,-231777.995463761,52353.8657228486,34499.6273211237,4872.76424154849
2000776.80619115,-202519.473605872,50779.6084956371,30562.5068813348,5710.36206983389
1911981.44218046,-225585.071320556,40381.4336586987,37998.6525013614,20224.3600098348
1564367.62211421,-80036.3761593659,49286.919138764,19315.7537924503,27601.6195310325
2567007.35465576,-263006.935248578,64445.5085842335,39903.0264267207,8207.47687550192
2180712.29510197,-225159.847500458,54515.0405307921,34038.3679892003,6533.10383199038
2260452.65860806,-272650.10133853,50412.3292199294,39685.2512253015,2634.56944890696
1579473.16899629,-87005.0263208132,45775.0316766038,25176.2936406215,44644.0378145349
1512147.77230369,-243809.148938217,29467.5277845948,24770.1615785206,-35163.3270408295
2149723.32766056,-173251.186693458,61313.3721341418,28065.8533672382,11648.4393243224
1516113.57409663,-159749.070365343,35393.5992907518,27320.1042690722,15764.2575410707
2688800.47343332,-348366.407039203,57399.4751087733,47990.4996668359,-6192.1920598714
2920591.15361713,-310193.149721659,69091.0356921748,50791.4556180809,22708.5178964128
1851482.71671001,-282726.414029348,35561.068390282,33431.0804696093,-24341.7536762021
2054850.00694084,-151834.176075404,57017.8433537471,31410.6343941532,34099.3772222384
2050601.3931359,-258490.601428555,47378.0251059753,31709.6116957833,-18267.2116974119
1903851.07937335,-307892.764037697,34278.5584085451,35692.3647785302,-29054.6976019405
1810155.44707587,-252454.159259958,34853.3234621825,35969.0423370105,-271.276515840571
1770191.99506377,-228960.501449256,33984.6382642541,37900.3438776557,18241.6078782464
1790488.19633927,-188571.961006318,44690.934778297,27533.2105895374,1968.65670471672
1541402.94360227,-178064.781869601,35382.444150041,26531.0361117968,3814.26009444763
2536683.26035114,-285461.918167224,56879.1677297583,46970.7766374608,21664.0995011556
2484105.92846133,-218971.972327863,71001.0894052567,29513.7263889668,-6178.01842976903
1865767.57589691,-239597.915720088,37129.6952396482,38030.4569522545,13283.0090847905
2195322.96220152,-191091.018810482,57877.3884747518,34430.2946619667,24958.6598585879
1848128.47428786,-82645.5474763445,57690.4224100091,25421.5060784933,47679.7931341722
2273562.43385007,-237239.5060159,53322.0257895012,40910.6190941151,24589.0376248039
1749432.54127759,-158561.26992847,39916.2339172299,36731.0487349296,49295.2598433352
2398340.40763944,-294890.400533264,48805.4739336934,48997.8335621251,24063.2006705943
2038731.43284873,-223426.985884263,47196.0466482975,36174.5958462699,14935.1774634928
2287047.25240685,-281945.781023572,55629.8953322048,31684.5424179915,-30130.6971249879
2160262.4730678,-283457.603793035,46275.6124389617,37782.9491330536,-9493.17103861288
1988403.17984369,-144844.396200004,59769.7338668562,23144.0835096466,8620.74752523553
1692745.72820233,-127937.473154802,46254.1914223299,26641.059466064,29245.4091170756
2480763.69204433,-263584.647659019,60527.1146557933,40102.7325113943,8549.7285364366
1691892.09733657,-169949.350022248,39508.2299333393,31668.7909877605,25872.9724250967
1846605.25410861,-252895.099642173,37398.4475524189,34340.3905364754,-6276.22703677481
2805324.37276259,-217990.306934014,82410.399349424,33847.7829057805,9517.40565298886
1774583.03480156,-160803.759411953,45831.4241183957,28494.8738122547,19340.120649543
1602331.68790647,-88167.1380612879,52982.2759154072,14813.1134091758,7812.28563668779
2305155.23554892,-235023.561156478,56365.6967403385,38488.3497017659,17256.633899663
2225647.73679342,-295177.826442429,45162.1937429126,42616.3950764686,1585.03947893485
1798108.7125545,-109799.252114986,55168.6204431361,22112.8376464987,22486.9044651901
2576731.12725348,-322101.686545621,53689.6452738509,49824.0271845861,13378.9021497749
2132146.72108767,-243860.31733706,47846.1949235831,38851.5482368723,14059.0130669374
2616871.29295072,-387049.348719505,50652.9303352531,48416.4029499387,-23975.7417289229
1848123.09990517,-174989.483989383,49659.3274626154,25428.2952875771,1526.62837442518
2725314.45446249,-286143.386853255,71284.5189901618,36667.8128835425,-14792.881697965
2000253.3855693,-272342.886768864,42586.6390372717,33999.8604106119,-17114.3611524061
2072955.87800525,-288670.137467539,39040.0373292534,42685.0743188178,5122.33798309527
1930483.16460052,-181143.751101786,50377.8839917108,29241.4043208731,11784.0326450879
2115851.01881231,-202895.686858005,53104.8074944314,34899.0232804754,20672.0045160124
1584963.54264367,-46719.742659359,54365.2347891018,17213.4085125606,36825.2530060064
1710686.8761776,-142525.113049301,45416.3466728889,27223.785571295,23888.0059384517
1779373.63523014,-183189.468902411,39366.7386602881,36250.3388366511,35241.4068151695
2204724.1567052,-186542.76168555,62631.8517608949,27936.7850761178,4473.79424730934
2001647.75766467,-224060.950509041,46503.4961204644,34564.3051418852,8843.19653622426
1653316.98279443,-138868.518878571,41344.8713734663,30320.7402607478,36703.377688525
2185617.61178302,-257458.157114331,47637.204310589,41069.3013616149,15024.1436787621
2486157.23030508,-363978.643224843,48028.2410565145,46684.8830874956,-18604.8943136675
2162979.71477308,-191429.130671642,61099.2028971364,26774.9858719248,-1931.11038184249
1923208.92948062,-153387.302170602,50847.372921972,31929.6344140527,35151.8411966547
2695079.16425023,-340032.099455577,57540.5378518452,49397.6125836974,2785.25484645079
1312878.83371547,-47795.1064703067,45007.0798282774,13010.7674581629,21668.8826555424
2028825.75730277,-192088.234836602,52144.453095816,31801.6220825927,15284.4539136129
2613322.36689799,-379482.899760619,46753.1408850917,55647.0428414334,5072.84785300675
2734089.55916219,-382568.353271087,50945.8352817357,56935.9006906425,7984.27215187238
1876554.31928346,-210233.736667943,41046.3664202246,36565.9532335015,22834.4109571619
1509966.02407734,-146187.081425143,36891.9846667203,26363.9104938636,19191.5765778449
2477078.25299302,-177193.743299009,69972.1338474797,36654.5741949044,39693.4027979833
2041209.19518183,-177203.444369613,56007.0882367242,28472.2560405298,11003.6043113013
2262814.94100321,-353626.608249173,37487.2863837506,49528.1728229148,-3464.16084053365
1690489.15606985,-151966.224384827,43888.3408331958,26935.1734429695,18318.0620315889
1845266.08870598,-212896.49054299,38145.1991540269,38729.1159520875,29106.6910648836
2566985.6092615,-167195.059625333,71988.1034888372,41198.5007456869,60639.3391145399
2196761.88621763,-180511.420467076,63124.1297643351,27424.8983930415,5726.33973792533
2273885.71798456,-287750.663160178,47348.5494330365,43515.2468150618,8472.92856183467
1914453.57918735,-127205.781075413,55431.9405923209,27520.7002908369,32649.864207959
2049077.13293007,-208113.995406038,45856.6005208114,41302.3982965398,40625.7225300893
2320133.9266194,-318073.459167867,45237.5310538442,45966.6163310355,1826.36286790049
1558744.22832419,-119274.979957695,42113.9716214976,25115.5707761679,28291.4090988883
2288451.50583749,-314967.23854945,44053.8273254049,46079.950409796,3696.84971915323
2389679.62525629,-219243.276167889,66509.0746733669,30104.6712878759,-4243.56540484477
2090087.72081016,-210622.117378538,49459.7187491456,37943.5338843697,27467.2180380051
2145439.43300501,-224830.022775251,51192.4523642758,37018.3747228877,17129.9554440214
1975277.40369499,-169498.250589703,52436.8742959909,30728.036136618,22786.6175628444
2474996.01242546,-256935.528785188,62324.7587848534,37681.0286999778,3389.93006556098
1462855.9121658,-56870.9756098724,44839.3616905522,22695.6907457616,50899.5591185353
1750291.31008991,-178766.147702776,40074.9284960796,33638.6312781504,28305.7601809541
2716421.03579493,-287761.812827755,66756.9693240319,43257.9083166517,7511.95148695934
1303111.95842954,-34522.2906916309,45588.3678309471,13258.7535077069,29054.9786202092
1583922.36486658,-159367.42246575,42769.3403006013,20120.7381264175,-9290.28767787356
1471204.28267943,-139109.342686271,37637.2688111671,23380.6244240303,12244.9974610155
1217220.80723164,-47504.9024477372,37152.842776822,19109.1030585457,43067.1579736105
2070471.43408437,-251908.274552317,44260.2652070201,39195.8303929636,11223.2137679131
1861188.97844091,-109002.851568111,56179.8581716653,25070.7165024399,33209.807439911
1737069.63973696,-72386.0320563816,61098.4813892972,13354.5291467103,10561.5599962018
2238092.06461101,-262278.758850078,57075.8835383559,28624.3123491955,-30960.5280061245
1947386.60411352,-222860.069956675,46363.4270290475,31093.6474852519,-2604.25091132193
2305914.69533678,-266129.528906822,50597.499373846,43567.8547377811,19454.7137806994
1482722.39095934,-79671.7767208287,42954.0353631993,23962.4786400117,43931.0542186801
2277811.50928947,-320082.222661681,42827.8183842599,46612.892557387,3131.95749998333
2363158.97395334,-231881.807579768,58846.5049897692,38983.627156286,20519.580227651
2014738.61999092,-278824.980874635,39844.0742139646,38623.5215763554,-4296.38578959134
2362343.79468904,-195983.51495426,69552.9396549246,26474.743296855,-5329.12482667598
2658240.13276287,-382732.604686817,49096.8040603415,54536.6787989804,-546.332868336451
1964048.74452402,-148799.294771947,52145.3882662922,33357.2916790285,42381.2413466716
1313946.93266725,-49646.0496770112,42614.7229526043,16751.0241582167,33806.201798218
1833456.53588556,-177008.53439766,44256.1131023673,32961.435286075,26873.303146354
1136274.09493718,-35067.3242753381,36829.8386769476,15655.5592926795,37309.2510687295
1975095.8303489,-210271.62295961,48170.7461162727,31894.8988421333,6511.50006532988
1987541.92781679,-155126.559014968,54189.8240492446,30777.7299681038,30191.5387378624
2318475.91624793,-254257.162480882,53243.0434416138,41818.2969040341,19192.585557431
2256683.7748219,-327657.868352439,42184.6351294525,45094.9618573749,-5982.01849625635
1751797.55689119,-197423.419468633,42113.78029146,27738.9503509885,-1621.24444563486
2176457.99838439,-269508.287978766,44978.0128165714,43061.0886837503,16001.0586383829
2796467.88558066,-306455.895316391,64960.6066984635,49243.2310966876,19112.6012299309
1614879.49001622,-173125.450043144,38626.9637933426,27158.5599515735,8572.83162678044
1926484.19106815,-209486.331274937,48209.484056198,28475.9563350067,-4929.82487573074
2856697.09369985,-344002.152405997,69023.6182167893,41507.7836315368,-26817.8388097831
2063808.67621128,-210728.212548689,48990.2511467119,36830.4796994394,23504.709588822
1934418.87355753,-265161.642733178,36401.5929617861,40487.7496044428,9094.56581725807
2266965.29021364,-291585.116117659,43352.3056472594,49046.8429454756,25983.2176636256
2413527.70472008,-303863.777988652,54854.5997890488,38870.831195764,-15917.8362650033
2378295.42669232,-338700.544897716,46243.9712833023,45517.0127017537,-10066.7187062488
2124160.10285139,-263064.422854622,44381.2363645022,41229.0546233719,12773.3625065606
2225250.45275511,-301783.464835623,46560.8276587154,39336.2038980885,-13256.2707126341
2357426.17043737,-321232.007798667,50904.9664713922,38860.8443818441,-24659.0770144142
2736630.37376628,-274061.031358642,65985.0877114583,47913.2330445808,30671.9081566713
1696593.7848663,-108612.501542507,49114.3488786112,24977.4012628935,33017.3867949907
2091347.59576156,-178736.918369205,60807.9949615152,23948.1727084251,-5599.27284009006
2402407.90799044,-267196.07244234,56307.5411565057,40919.4600339721,9558.85462866814
2101028.64950877,-252012.151479016,48863.6010449386,33803.1033586689,-7679.45810342508
1712956.49685715,-207536.400433394,34670.979971094,35740.0521168496,21328.5383350597
2160230.9727981,-268168.806984323,44788.8268244748,42412.773771714,14406.4339799602
2237986.52431781,-302468.334479262,45101.2954686153,42532.9504784908,-2389.20901918732
2069147.74601278,-227555.365377085,50471.5443276153,32373.2949663822,-484.350877923707
2366217.88832474,-235596.048551937,63001.9867766682,31874.561310029,-6241.62386856394
2583404.17954381,-202765.000885736,72930.7897383109,35735.9860900787,23727.4852438509
2677919.44540453,-266594.088287581,65475.8105898377,45630.1778929474,26420.176956282
2128230.29565643,-229563.927112618,48668.4903567106,39260.20486679,22529.4978883177
2134905.38392392,-349119.029589973,32434.7260444236,49330.0751082319,-1857.79394831954
2121551.72705747,-285952.813223276,46112.2013592826,34923.6312958003,-20723.3925647054
2363449.89762468,-272702.049094655,50892.0722307329,46256.6760522075,25617.5132630894
2525912.59346627,-284016.592573738,58450.1300406744,43830.0231101725,11458.8210521136
2466105.03974143,-259450.212782008,59625.2796848427,41120.8346090007,14212.1530005701
2260944.52858749,-202783.058809736,56843.0942941646,39147.0070677846,35642.5596974677
1742196.1059994,-231210.555732511,36047.2565020053,32201.1760285748,-2870.316688032
2143623.73768489,-161684.145761707,58496.4304563336,33909.6249083077,37880.3065137003
2064635.69819423,-247605.007200432,45534.4278357278,37293.9549570847,6736.17009574141
2180974.55248158,-246836.333163478,51748.0270016126,35488.8889067929,736.243564879745
2367840.23460287,-289291.338658291,50745.5117717373,44432.2446838622,10885.0771236487
2106914.31464228,-191875.332609598,54281.6676497051,33906.8287681357,22800.3945768569
2072723.05153179,-218469.146479531,50246.7498282614,34296.2307841217,10855.6870948855
1623506.29107788,-217318.387457225,33325.2490241434,30156.8091243434,-3010.14441095717
2223435.45268504,-216752.47978582,57364.9596477344,33616.6367145667,9367.51442418443
2343122.39920747,-311938.391102526,53860.2656834968,34312.3435769616,-35838.6220227596
1402011.49513774,-73476.6046480622,47343.4837472178,11862.6422610059,4829.7663625511
1678740.58954656,-101338.035104497,51181.4451104668,21351.6830278568,24119.3243507805
2093854.05866799,-216497.382919266,51340.3864536846,34275.1309004804,11614.8045093583
1991088.81126309,-168721.913760766,52210.19468561,32347.162251355,28766.5544452245
2071782.78251287,-111243.40873644,66408.4616597749,22991.3067179256,24719.6486794892
1410244.44750489,-49688.808232611,47809.4962106652,15084.6182395698,27912.9349271118
1957237.62342199,-163968.481659525,51680.6538388466,31456.3078008657,28120.8989005096
2661088.73347295,-330392.260123015,61683.8387306909,41534.9576569428,-19771.6152274853
2809053.98597027,-339070.393660405,60541.8102337692,52732.3863192756,15083.1936003689
2192288.7449075,-147155.01845082,61452.6311038036,34615.4320629066,47601.3466921365
2393307.28507962,-338614.295833057,44225.3199894044,49931.8484062772,5390.29545911162
2517573.67827783,-202632.806281461,70024.8273029283,35830.2215763597,24056.0488484113
2105902.9440888,-217262.548039244,50667.0087093018,36155.3210425956,17867.8746195987
2545694.23725434,-215475.995069665,68668.5184470686,38248.2531334875,26140.2445037604
1537689.96720233,-165096.161152849,36490.9731396929,26294.2275473908,9559.39765658972
2112163.21077516,-237279.05669082,50209.8358635424,34482.8178710512,2034.01406967995
2606241.46375808,-275734.366338038,62499.1457096922,44084.4769879225,16439.2168873129
1679174.99929943,-154236.997522925,42847.578127772,27502.7421314781,19156.2966140683
1821337.86075859,-199682.449372358,42473.1103178226,31783.9393011204,11293.3542063227
1530134.32958117,-133311.451738472,40614.6129639311,23522.2924954075,15628.8133005289
1894358.28916475,-223373.417024192,39474.8672066126,38543.5219644935,23227.0386738156
2150912.12962352,-275973.685027682,45628.404668196,39247.9978238902,-523.67780924926
2236787.42307018,-214825.872444836,53311.7917295898,41483.4735122408,37793.5531439612
1088956.116148,-41483.8480719433,29857.8950207928,22801.899684831,59015.2054149318
2030636.03329282,-163380.957184168,52119.8043337229,36072.3503475476,44544.1065746968
2126329.10196884,-167065.464876012,62366.7504641657,25559.4230835015,5911.64298584864
2684185.20957327,-287784.055987263,70375.7401824043,34996.1535128398,-21457.7453806489
2740728.37850369,-306832.657114763,63011.7599220059,48426.2392000608,16083.9591421919
2032757.29104836,-144576.88129296,57567.7476379596,29964.7471306572,32605.4644120814
1811201.76778184,-234068.961161658,32732.6960088567,42166.8332093882,30562.1339587133
1819990.80556801,-211639.618809865,43984.9329199322,27503.314159163,-9594.93549423485
1944148.15485815,-226055.900511312,46479.5354341738,30214.7178954969,-7262.97021486824
2343923.1587074,-240284.707031714,57035.2390275689,39387.2175058662,17674.8926975527
1805664.06339956,-142541.705614811,48943.2866599623,28208.8772954213,27521.6269075371
1234058.92375696,-61002.3014877394,37413.5137193983,17970.3516485456,32458.6332771092
2746158.23831352,-270893.372946544,66844.3570809411,47651.6843521333,31327.8395787791
2457893.02461523,-278867.98801445,59113.9129179596,38603.5723787985,-4359.50983932978
2066413.72155714,-226690.206700395,52374.3027249103,29163.6055943991,-11252.1011239997
1952942.3787042,-155973.018139721,62181.0861032581,15059.212126694,-25250.3955591857
2255046.93313687,-328241.313705529,36612.2571276503,54022.097713993,25098.6539545564
3104952.73340574,-419164.062770809,56608.202977898,68903.7082127154,31562.2313153885
1981061.95119299,-216179.886459754,44770.8762368658,37074.8040735546,21717.0137765009
2549904.68656839,-316811.185675617,56837.4552185071,43498.0664751119,-6182.48892022626
2273278.68392236,-237867.830674922,49391.7804533993,47245.6031207416,46354.3349989869
2048662.28432742,-180729.146531426,56329.6071303145,27981.9556646139,7597.06751273218
2136233.12985169,-119185.056933059,63355.1761505939,31488.0377044346,50580.7672299139
1544030.82124854,-72060.701808943,50072.900903169,17728.789633548,26028.0401016115
2002571.05245759,-115790.237473977,60175.5863695209,27634.2176772813,38806.2129017105
1944508.44426014,-245460.17568878,38115.6596485202,41224.0978288611,21612.0445258881
1827573.49649132,-197194.187517641,42783.9555956398,32092.8401075913,13706.9554380024
2440239.47420295,-240376.619187668,65192.1771138818,32857.8846581692,-5250.96136746429
2169718.22566471,-229281.727816916,53773.8797302393,33874.4044849748,3829.71619617281
1080155.00567562,-86546.3627418504,29477.7717956627,16363.330175044,14057.8432744715
1968280.14740251,-262297.76417598,36359.6254791762,43376.2993423167,20641.4813597009
1622365.12069146,-115335.068684841,47992.1898441088,20565.0711106458,14335.6157533781
2224871.16294114,-207466.696131831,58657.7940433449,32914.2983758435,11440.5602181317
1909285.90750027,-176978.983364445,48981.1674428478,30614.3653794117,18669.7103388412
2194373.06416968,-220698.117850527,56241.8747202065,32814.061831438,4512.55914804968
2742127.86533524,-338566.904435411,59590.0537778783,49599.6594473579,4281.2508732098
2407607.9823786,-232409.373659492,66710.5482886294,29179.4008208463,-14114.0940331205
1795890.68988535,-126304.401785668,50560.1673327496,27169.024042881,31925.4294053601
1628654.21711912,-106700.520695665,49480.180938191,19803.4600505615,15938.6473600305
1447619.24718612,-161908.257583053,32467.6264085773,26943.0191838875,13327.515331453
1825459.39377171,-162975.9776751,50993.2759408783,23338.1529263226,181.62770450167
2072504.21980466,-253458.065277466,44281.4994210444,39079.461962483,10044.5227219519
1691137.4766584,-197969.455984924,40259.9041719591,26369.9575399212,-6735.65711402594
2197686.94858635,-278183.846616854,48200.9376895246,38040.4203502814,-5985.94704705498
2415823.44172512,-281428.753435052,60149.4317274366,33535.7251215208,-23379.0354341319
1131525.40104259,-75271.9996504569,30072.5151131142,20664.378200892,34633.9754529687
1740304.20324114,-154563.957980298,45727.2071279457,27093.922142773,17519.2816429059
2434297.27798957,-321644.226709084,51166.3728358271,43851.1245505768,-7335.52751108862
2024554.98496465,-231772.808909308,41067.9242994505,44030.7608595457,38275.7320749181
2658631.26395928,-330455.265111659,53339.0294249923,55055.7327430063,27491.8336673824
2104483.42269285,-185141.082920359,54114.2992061573,34964.1969160022,29847.6454916933
1661708.91792651,-119352.79655766,49669.6384072401,20041.7318601786,10484.5886611436
1321454.37880733,-178178.217829629,25341.0180623997,27315.8297298484,6542.55986828685
2783623.96895371,-247535.980000658,75714.5814586664,39084.8850484015,13038.9419598701
2522618.19764425,-331924.307184955,47947.007425318,54001.3633489472,23093.8131247516
2186622.28050194,-190766.284586793,56511.9328158767,36100.0912343972,30998.2921328223
2324954.82955245,-231212.753045008,52737.6649103655,46403.8682512847,46789.3829991386
2561404.22791384,-289107.146898599,60246.7323481835,42680.8130469226,4818.59191725457
2012442.20120507,-173896.583346003,58176.5944637409,23319.0837788267,-5311.29496302963
1965497.75221539,-198886.485483838,47902.0682877149,33288.8734773514,17017.1733122086
2281048.52636214,-185648.253076856,53781.6777220851,48052.6153634768,75442.0837058077
2132060.29613381,-293423.085614206,40545.9116887611,43760.9610959591,6427.68309832592
2305091.05858954,-201481.498141643,58569.2301089932,39637.961415678,37913.6243556952
2117111.44076473,-258162.71033561,45389.6166111565,39771.1424537688,10138.0358082981
2526478.51305098,-199704.600004093,74167.7335378821,30085.946997906,5429.13524472245
1377742.47469171,-151115.541754541,33489.5110431181,21806.146866558,791.657555848875
2343020.31864189,-314131.79197052,45360.1275703398,47954.2579083131,10775.1074456479
1730808.96571303,-49831.6964020854,58253.7986275924,20797.8050833307,47835.6894175087
1900501.63776401,-137294.818246194,55101.3254687866,25611.0408029417,21036.9344112688
2072006.37162453,-239589.866627552,44105.18961485,41289.6499251984,24746.5824643057
1420145.34807791,-93043.727510699,40032.1925779248,22378.054506104,31774.7158486452
1783200.61579327,-93457.839586492,51444.757047107,29481.2958672721,56434.83025772
1673326.16591758,-101098.594923864,49856.9258683309,23172.0049321752,30512.3768415906
1945807.39948393,-315405.628339414,32097.1876273594,41206.6355772895,-13542.2270590387
2285323.84973037,-287505.379309134,50345.5106713385,39463.130166381,-5670.22670932291
2359190.47534038,-308217.896333553,51902.3031569246,39218.8469327369,-16789.1022718365
2462103.03362304,-359899.026709292,51747.2639698184,39424.6477214564,-41970.9353978757
1880391.32477834,-202417.753876846,39449.8295739732,40572.4574637894,40814.6785558521
2398094.31406286,-279504.495159044,54761.3327830263,41393.5649197052,5125.52251435184
1804120.61847354,-61303.1276890249,63785.7013695924,15313.3844332578,22899.4135541203
2038652.43668104,-157290.525034666,54562.3640317981,33511.8363864013,38632.3570628783
1881177.42966319,-243330.255825831,38644.1152962566,36124.638125519,4763.34610839059
2183485.52324408,-271138.051606372,45643.545303081,42246.7620264776,12300.6470267556
1788945.77815343,-117826.025648166,53461.0361955361,23125.1392399472,22005.1235904891
1763427.84669566,-171110.680359037,43529.5436868173,30003.9981018409,19517.5844363525
1335113.56613122,-170859.755433344,28423.5366498472,24263.5700924884,-486.304991762068
2510694.23790242,-259612.53288581,58842.5082002821,45572.4021270968,29616.3122001318
2193688.48766409,-282648.047410625,41705.2238837548,47790.7258320933,25912.7105648493
2182084.2413784,-281771.522014682,44264.3972923172,42876.7672535923,9231.01408157019
2171440.51501471,-178449.855319906,65039.0060900454,22775.9661742301,-9447.61821718005
1968092.94925044,-221399.237374181,42258.5507039459,39519.5211673665,27666.6719113717
2472319.57573785,-238372.641124408,58457.315401893,46504.4918638092,43550.3931183
1716536.74215357,-171491.85301952,37393.1712118122,36679.4098073646,42610.3498677871
1760108.41478812,-140523.822255783,46454.5759692602,29338.9066710403,32452.6913359068
1787715.26278231,-158333.994337386,49264.4398086352,24138.8175938865,5337.29862695455
1657184.89686034,-189584.858283459,38313.4857557564,28346.9720443984,4373.06161018902
2171302.20992846,-288577.482540886,43652.5173509109,42148.4835594934,3246.30486828199
1975362.5651761,-201257.47866075,49711.5844707169,30683.3889961807,6766.04262024995
2231556.49874015,-202530.367570955,56706.9596873393,37276.1493994009,29183.7124250677
2032430.63315646,-295408.568318546,33494.5345657489,47949.457956703,20127.9350707131
2300142.94016699,-329811.371925494,46502.4576078873,40783.3494046945,-22127.211726096
2774913.58169911,-384991.894023242,57564.0643854548,48646.7278147354,-22211.7525962891
1471666.95874637,-96910.8776066655,44611.9084002241,17984.2019733959,14543.318125313
2031837.24681977,-189308.179267192,52272.9192167294,32193.2372028621,17998.7749456208
2385749.46670266,-311720.531033613,54922.2857006443,35650.6801949219,-31149.4868407058
2358960.00110025,-288134.713181493,52678.3501533168,40785.8929160851,-1328.94451624214
1890434.99629182,-131971.817502485,56532.5767947138,23307.9337847103,15551.2230339337
2150874.95765011,-213026.616776745,48772.9133902262,43061.8485544729,44235.7183035295
2222053.01838012,-317046.085341881,45863.2348640788,38073.9007616233,-25257.3745664457
1636357.52620976,-283697.803287269,23568.5104797102,37638.0601360472,-10108.8855596396
2277758.0271961,-293949.273363592,49070.5898152053,40084.8479160505,-6606.13694436447
2122321.96574769,-199830.176768403,54302.8469635999,33836.4156012301,18507.921572977
2425807.52666114,-266506.734312471,55353.9884086815,44255.4609849911,21616.7844282851
2149252.83339596,-273135.312767666,44447.2164868675,41482.2977373149,8586.21537399215
2566021.53029514,-268846.925922183,67795.0290977515,33497.906258323,-17246.5737589997
2478105.22300263,-313195.7529721,52864.2441962882,45403.770193407,2388.95166271362
2225835.70403394,-257836.782266566,51263.1585845889,37925.5868494618,3790.2802668823
2565990.33831088,-269844.14193016,62722.6677946852,41687.5139943946,10948.3743116596
1608652.58777634,-108513.16042184,42815.3377868074,29058.2235837578,47457.7036226335
2463031.33172276,-352640.803873259,45496.6137607529,50804.3183698592,1464.58939124008
2614593.75805287,-211811.650937428,73974.5248004976,34960.1105565002,16525.2881027738
2366408.26946103,-302543.488020226,50111.2918722089,43478.4276889348,892.033167461781
2517617.76424748,-257913.865968408,66335.6842140831,33998.8347410731,-9804.55698087838
1609997.63537773,-169956.784766299,35614.9335508548,32203.700930194,27718.957957372
2329601.60527412,-311775.66801021,48094.831979571,42844.3824528001,-6012.57359305494
1494316.74971803,5485.73140904082,53784.2390363683,19153.8335540883,69704.1837924439
2266109.0695651,-245049.079770467,53000.385452058,39783.6614779403,16851.2587565443
1944101.08193485,-240086.000382222,39943.6374048916,38935.6637299481,16205.0715215735
1325113.14575144,-29023.724701153,50192.5927462537,8046.70630875484,13669.0957797828
1777896.63727619,-167043.092201535,39225.7934688802,38683.7732853326,51872.9108008012
1574122.09981906,-36875.2866151367,57127.0332524428,13315.8225265299,28278.5422080721
2524163.3241421,-271187.428082292,60847.7508986065,41598.0437689272,9980.18712504063
1524702.39572655,-229926.302996524,27750.1230351259,30460.8626661881,-8323.79613221671
2242559.38490154,-207866.143713365,62356.9346230014,28050.6317476511,-5774.55521434888
1845635.70183487,-245939.452811442,37589.5550319151,34931.5369682734,-699.786106746204
2461978.87084676,-262618.249665284,54547.6926898263,48730.5204498399,39298.9686195662
2058865.82359968,-178053.327991973,56599.0263814261,28646.7692278211,11220.3684845819
2240862.22669156,-284295.668576476,48001.1017189857,40581.0329394878,-143.972453596509
1953789.19649975,-207193.239745577,43548.8604314021,38411.5786842188,30841.1895576055
1669871.27780284,-78569.7850404603,51653.2102124205,23204.8137085844,41903.6003804434
1739272.79920048,-120956.119212348,54388.1870071445,17589.7798266603,1109.3703185737
1750349.42325854,-93187.817693449,58833.028199487,15074.1422876086,6101.34911915252
1724723.87982989,-239813.624561981,29476.6301609805,40512.7421146789,21905.6837344757
1684281.44248418,-212819.798343232,33636.2073194098,34652.579384687,14903.1112692807
2884403.18245877,-328181.201115104,64304.0234118818,53505.7170361062,23127.3294296955
2334028.67476429,-186477.828329448,60466.2884711155,40736.7510826304,49283.9705154286
2412717.7468766,-276826.108976911,54352.8894890768,43496.9589108261,13792.2689175807
2630497.63218509,-319612.891008824,57151.7840711106,48343.8358533495,9385.95464931515
2101605.36997318,-160373.596108209,59171.74917641,29992.8090203503,24708.2892178891
1605016.78335593,-252781.700254984,23390.7720153432,40100.9792822849,14013.1094052008
2518116.51301587,-250591.149456485,61102.7709663882,43687.9327024415,27555.3012306557
2359263.65315557,-319642.024833574,45150.1240343767,48693.5168800303,10520.5769715949
2301023.86836321,-250639.210709388,52306.168306312,42626.5114632637,23870.4542880221
2244851.59067275,-306971.358214934,47048.4219911642,39211.4717303733,-16274.8141513578
2026303.50697256,-153607.200139514,58719.6495407874,26317.7595272878,15278.0731660678
2235398.81622819,-286598.506557555,46515.2755104439,42295.6036095769,4675.68025432632
2424655.9323643,-297726.195132643,55185.0376588825,40002.6587241829,-8810.85151035057
2190535.37779485,-275830.71545363,46093.1502136102,41342.5025370691,6738.61584325945
1907799.19505622,-229946.250079759,39072.1279089849,39236.4504557226,22439.8989084582
2284088.78609738,-196969.927954942,62100.1051044026,32981.6195529,16846.8592804093
2163548.25245013,-181937.170584703,57409.0001127427,34231.3410156599,28869.6752504225
2583907.46024722,-225511.137300113,67242.6223915645,41873.6411328152,33817.9848630709
2066815.47400642,-193849.755777939,50651.539325793,36716.3150692454,31569.2805945572
2122579.21071986,-169996.998062145,61250.0274582817,26698.9142567301,8510.21647049304
2549476.68685583,-247841.399020209,69754.1905401908,32098.4088019433,-11563.1239611411
1658227.15434999,-133868.449360092,47185.1788496103,21808.7427582349,9393.30060175277
1401466.69106756,-100555.546101561,36770.4888724478,25329.6809733109,38393.1087302163
1983734.27995421,-209533.650280702,47606.4843286188,33553.8892986448,12570.4727018386
1648528.60030182,-154801.063160656,47859.5876001462,17018.6744362507,-17745.8330209024
1592713.14457075,-77157.2367053626,51516.8050450932,18114.5752540842,24827.6644573955
2749885.84726712,-280788.906803932,67123.0497731928,46025.6519943608,20636.3862138674
1865644.05262213,-190744.425993333,46738.5610749465,29233.8107578856,6987.9328961563
1623460.82375392,-78461.0139293364,53730.0465580492,16483.0827044851,18467.2300571201
1876214.54399586,-152129.737968481,47723.1593510447,33871.3676057102,42387.7533909067
2341098.76535108,-255693.739514997,50204.5070852503,48210.6926722151,40983.9218751368
2364419.17152815,-279690.036313759,53140.5766350626,41622.5429693464,5874.06212909083
2498521.30632721,-245590.07026669,63282.1469603699,39413.8319835364,15213.2972371611
2545563.4220454,-355962.827518529,51213.1837749078,46837.4591227984,-14081.7828986848
2076131.8501232,-190191.645013983,57128.4232003111,27284.9855889911,444.93348062513
2292662.10365949,-185701.846935739,57788.6002978353,42296.8919135204,55164.8079493036
1996189.43551727,-114048.200113262,59147.7327085563,29129.1438422114,44960.193710219
1956461.29988509,-224238.934612667,44256.0544781562,35007.6418636251,10414.9054943373
3119689.34803567,-397625.556677982,66268.8121419468,57144.6531934013,1150.69709394453
2363162.86632404,-337511.639211021,46190.4326070599,44694.3439570926,-12332.465943368
2090968.8794433,-183912.536355054,48942.1583235025,42680.0771371721,57521.0370752739
2073650.41501565,-132885.445925936,64040.5026771417,23916.7208818184,17292.5944967695
2194940.57183765,-183650.082465287,62940.8390614558,27137.6408000529,3121.02181265766
2372254.03211172,-331579.445268298,39100.0812758876,57841.164802616,36561.3467590251
1651261.52472411,-182563.862450722,41269.2899958254,24066.9923602669,-6991.71665717829
1759627.08126496,-200973.850469306,36419.2094062939,37144.7937528507,29531.283952129
2246509.30279527,-219853.321073037,51818.4719261983,43925.7105963707,43817.406044772
2410212.71096875,-294793.121097561,51648.4086791847,45187.5797234226,10796.5968075667
2342909.55787062,-233324.866291318,53641.1468735506,45891.1201091924,44025.6188776674
2099590.54560503,-177735.033791631,55521.5771421856,33368.7101011479,27831.028628185
1755805.74999775,-184535.402510857,43981.0715401498,26790.1330288,1423.84762240083
1709708.79685117,-170660.162908558,40063.0140890129,31927.4276701136,26486.2547269492
2110467.00108394,-180222.117667007,60267.850560749,25979.0199146054,909.709474221425
2461024.52773288,-280281.910930007,57510.6130260632,41270.6874311498,4320.31885540129
1974654.04879353,-262406.424944602,34908.334626713,46203.5502842611,30487.6921323532
2681962.12962563,-382942.683154904,49048.5254915071,56272.1355249353,5487.57209322395
1968319.58371399,-241492.175501153,41040.521772435,38661.1438293172,14511.452422263
1267330.9100727,-113029.632594368,29292.4892945804,26252.1862280631,35380.1619256874
2488154.35303671,-335053.011015047,51501.2013118814,45244.7486299323,-9111.60791197113
2176997.54709887,-214369.379630495,49207.8829074141,44047.5889369531,46905.8773494407
1817655.22576693,-116667.775561463,49026.3073248692,32617.5130409717,55839.1091998601
1634428.07755654,-81399.3040859096,52161.5254180123,19421.4509612769,27289.6250008662
2452516.87871297,-251440.761540513,58824.6516439659,42613.0989539391,23438.6234827365
2473186.26527291,-313891.373972267,52055.9750448339,46291.4439564163,5071.56664613543
1806930.86258314,-174935.86152651,43835.6415712647,32048.9216929407,24819.2282565207
2091174.01026466,-272547.954356001,42652.0074807872,40362.4281835803,4960.35660792973
1939336.56678238,-184088.750847528,48681.9720695882,32241.0952524949,20763.3963650323
2387170.81156463,-290164.18297019,53100.1698657895,41823.1524513751,1267.47983517743
1735132.61725716,-175294.611090758,39603.1964729796,33827.0928528515,30768.07572061
1875672.22269683,-163208.00504436,48156.9113115762,31553.2413607994,28827.3768192737
2224657.92817547,-173236.965818916,59672.6726016791,36116.2049819721,39859.9801610265
1807079.39871021,-115837.261418646,48917.1990876551,32165.946850177,54644.1942485833
1795821.67974905,-199568.177408671,43015.7933240561,29089.8283554572,2071.16330761708
1840449.21669622,-154105.153831452,47240.5483157446,31840.630687576,34323.785844547
2438532.28735453,-271612.62957782,61146.4854536198,34918.4784767446,-13545.3489419042
2291943.42078159,-248029.918734508,55500.4396121414,37074.9514071847,5850.32482703953
2708021.23351918,-284433.720211074,62366.7580008161,50324.2362162584,33909.3336921693
1781273.39561578,-149638.773461283,51390.9785716177,21420.0216904652,232.216992618838
2080967.34987473,-187293.823128089,54102.7509649042,33003.8094944706,21912.8139975581
2190313.64103878,-295144.003471454,44415.4308765187,41315.2312778083,-3008.89387790543
2731863.86296436,-352968.258230739,56053.7066893033,52620.2090344287,7592.98591769881
2075970.08367334,-246479.150250089,44936.6645781076,39260.143626155,14184.0614709988
1788211.1315701,-238432.846373196,35794.3449530426,34862.465835246,2753.62467187911
2169259.43357339,-271442.836307079,51279.9296568413,31924.4309040364,-23917.0417963274
2613774.2963719,-234104.668175049,69458.5121773143,39143.0816410829,19861.9265905515
2493127.32486135,-265238.559315712,58009.1433957306,44890.5792019639,24498.0019080905
2275836.94575451,-196739.323323673,61652.5338994626,33161.4168945395,17734.2914812228
2237627.17755721,-245973.45311465,53588.5572309315,36637.6140684656,5225.0454862338
1919060.14826934,-194258.32269336,43914.4282168378,37169.3634414438,33004.0731452088
2141560.44201029,-222942.975689194,47977.5914488972,42292.7763420966,36550.7132012284
2508243.27038458,-387733.285529553,47267.5189318807,46113.8040702469,-32473.4171209984
1950196.8409197,-189441.351330003,45313.0022021791,37791.6081693963,37491.4967505823
2353248.57751987,-280906.621987228,57041.6728392972,34238.2932845282,-20590.9549430702
2212904.33341679,-326445.96778085,38026.3649763459,48946.6313220858,8108.99275129144
2404008.61902273,-270871.913428862,58663.6613211277,36645.3411760558,-7183.46227518554
2760902.59396738,-350564.132384694,58641.5248622589,50778.5197879348,2397.88434153814
1671155.38140563,-157800.503518345,38013.7764093125,34380.7734238045,41337.6753744848
2345809.81527702,-236435.853316628,56394.9199790053,41139.2296419369,25690.2677656815
2156528.00405394,-86921.8494377797,74302.2665234451,19539.1140575476,24877.9617148376
2077019.39380881,-290442.567657884,44427.8451805839,33876.0803866259,-26559.8486268963
2242358.39017465,-205526.636017688,58449.0424140807,34782.0546003911,18926.5068548313
1627424.82454853,-136688.352588669,42177.981543806,27416.5458258345,27576.063077478
1966682.7408437,-108119.392067397,61107.114182028,24641.071155777,32218.9428678723
2470857.39793909,-320357.538218739,52498.2471992656,44481.5930255181,-4464.94700950458
2631214.20721212,-241626.304328208,66519.1539162316,44141.5873392772,33750.8610406132
1482264.88220448,-179898.246190037,35410.2927146308,22012.6800515354,-12904.1155659053
2037887.73464919,-175147.731888783,49487.0211387464,39243.7879493434,49774.8603775267
1701545.29919921,-169242.55425895,44730.748238744,23874.5468004491,-972.685804870705
1669323.63709818,-110982.032459815,48027.351309237,24489.2677381844,30300.4877353869
2046888.04650407,-239044.969065486,43704.21257314,40254.1244826636,21358.2269027087
1771374.40133733,-209625.029091838,41661.56419465,28139.7599990695,-6272.01035225772
2389936.09968831,-238803.174138048,55787.2237461645,44934.7998212221,37885.1731213719
1827768.24855234,-216260.806561567,39124.1928592307,35385.2359907535,15667.5368525478
2495977.28770271,-219836.708431215,64840.3093155628,40361.4897578572,31368.1554969569
1633125.15251474,-169605.741283598,38137.9341468625,29763.7330211384,19363.8417164441
1701322.97487059,-99613.0393550936,51010.7915139528,23487.7866505641,32369.9450481983
2447237.68510944,-278277.901805372,55329.8928682648,44147.5224100276,15433.6104179615
2182188.86372347,-186931.590719475,55867.3533909263,37380.7149156271,37304.5729938603
1961635.95868484,-212260.789898888,46982.5333613362,32609.3224054529,7956.38270177747
2065226.03275246,-198627.64359895,50795.019953284,35692.3532654574,25545.766364976
2632234.40966691,-292713.34320248,59612.6415180968,48259.0834259925,22571.4304448789
1472497.93683048,-132520.37645162,35435.3408292357,28018.3336537993,31877.1955419676
1729779.09952717,-187331.992390874,42182.6028846792,27505.9155553682,2579.15010086266
1955872.72321372,-164457.433170592,53204.0231431661,28803.8494729265,18553.8299573573
1569930.69072,-127003.177528198,45552.1802166301,19150.0873179013,3396.69841736302
2541468.95127728,-235856.507303319,63700.03993971,43196.2813750374,33172.7565146689
2329881.45790837,-253979.818727552,56732.5386335484,36923.6964674425,2266.27241049834
2006215.84284278,-160313.168069204,50721.6675241476,37071.7197421793,49644.773927535
1647820.40700553,-180288.722217753,34922.4268246332,34566.5264565231,30807.4320407823
1934028.49461389,-179637.764005212,50261.0022532624,29898.3955857589,14725.8404229232
1670522.90491732,-109231.151423982,46835.8413180301,26765.8138622378,39123.9295041165
2292049.90184729,-278091.635996876,48976.534864794,43518.5640329267,13308.181197235
1353303.36512525,-92461.8121313578,38184.4077294431,20738.1532707985,26265.2456327207
2265249.72815319,-224509.431238758,54986.5804382992,39402.9894196541,25563.888000302
1575309.9173073,-142576.191509104,39610.4355969297,27073.8834924232,23460.7686482065
2145014.91069473,-258794.307234971,47737.7801855759,37823.1021454547,3064.71540581777
2050480.4634246,-213239.691603479,53814.2582945135,27593.0947780985,-10016.8855520239
1877713.69261395,-245513.368719024,42164.8421098695,29766.5831731597,-18632.0141954766
2735620.09149148,-356892.095194454,55829.9140568006,52693.6591702701,5874.07281997458
1899730.99264118,-234469.643291264,36834.8959834831,41682.8261893351,28655.8638440493
842430.386185708,-74481.852154213,21902.2532103946,13551.0297572434,10219.2503299436
2308410.34205115,-271952.377734115,54649.6799078585,36264.1241610032,-9067.01866935883
1964106.29677572,-97099.5025236018,58405.39826961,30481.8706374278,58129.5520390016
1630024.5565892,-107446.723464238,47141.5457640862,23633.7381222233,29040.1884609722
2088901.7369003,-151761.099902186,55041.2625459161,37097.8589043119,53932.3620053126
1743101.6520788,-175437.087541725,38440.8347491633,36299.6551601936,39260.7270744258
1997525.90748502,-216458.392612086,48728.5139317434,31714.9342743192,2772.41763270977
2208788.86949847,-369503.522823437,30584.8162395938,54727.0356733745,6761.57593506428
1827318.14741227,-115193.72595031,61811.8089143852,12513.0993318344,-13813.6195653942
2673223.94661254,-244010.262375726,68599.1086154316,43382.1938727849,29809.4690621936
2106362.99822501,-129843.363287567,60740.1226028199,32109.7672953743,47473.1850445467
2321013.64207833,-297655.546257669,49726.5303358626,41565.1341057938,-3409.69756145195
2031263.56594839,-231284.886514715,49666.6965772408,30460.0229936132,-9043.95293638353
1484658.70751741,-138172.642039459,34839.323768489,29061.354375549,32653.5613672896
1893971.81792042,-155869.539063357,57903.8534388823,17896.2033360537,-15329.5807120146
1808942.33556581,-123378.417957589,47892.6581930822,32905.5157172726,53432.2311553708
2567300.34545719,-365634.223269061,43432.5707463892,59787.4580135709,26442.715556125
2160131.02300098,-353142.77316368,35879.7420734169,44897.0220812937,-19297.9010767711
2441578.01841703,-317929.678639922,47002.3750335373,51755.7215582683,22098.3779146485
2122754.46412688,-274915.360704407,41509.3886498329,44149.6531831404,17103.6373162199
2496563.48275714,-393869.845275479,46029.6947967216,46442.6270796186,-34368.2706636934
2045678.5725233,-279713.807153916,37824.000122364,44028.7641449911,14162.8393935209
2638524.15806991,-271957.704927089,66875.894829457,39753.924317651,3254.78464265926
1974498.87862938,-209825.519966543,49839.9747279203,29174.7122600299,-2745.93985514508
2149046.91045613,-168220.840668205,60749.4507727239,29670.6526267652,19774.3363950136
955631.520159043,-69036.8762989903,23983.0032974235,18991.6000362471,32017.8060458761
1825897.47305395,-145402.077867442,45468.0217000516,34941.8228612001,49540.176664281
2376764.20123692,-383128.753540422,43245.1770840793,43993.5567585671,-37650.1529219082
2018193.68301686,-257440.038231316,37770.7382063409,45319.2255652607,29872.2265561993
2528593.74353943,-259797.274347864,65466.0915422409,35951.3270445542,-4047.02222670584
1498814.42978405,-130455.228176807,35847.1808023051,29523.7238277809,38126.6033076102
3037047.73216466,-431558.561373204,53183.9026040802,67905.1744331853,21917.2334831568
2355400.61799707,-208822.170941741,58464.3628557969,42366.8553125042,43899.1434412086
2627388.95308123,-373702.441012419,51781.9018841802,49205.7530487914,-14655.2261151332
1734485.56474566,-171486.176911594,41247.4452250448,31623.1935933268,24892.6259525768
2252256.70784067,-200582.250353495,59411.6580672417,34620.4237294541,20903.1867606927
2150981.2386084,-204456.107962797,51705.8808184084,39486.0709770673,35957.2449183885
2314069.60792567,-341841.88145687,39365.0209361796,51765.2231194829,10376.6298273
1571949.14497582,-147428.524283606,36119.5095239794,31885.2545454387,37880.3369185748
2824738.28375578,-292639.375879488,70867.1743449315,43536.1566678307,6100.78249048239
1361680.75392657,-85422.6184353281,43214.9685458156,14051.8536567977,6415.25192213778
1498833.39928533,-178358.435115291,31444.2834608196,29927.4556591837,15507.5860291157
1917129.62617007,-167549.10105997,55332.5936275365,22079.9092323669,-6385.0434476459
2489394.05730257,-311106.024096521,53102.302560609,46133.627173571,5868.56718331425
1623856.93424585,-159144.703520457,36461.656642774,33355.4691171974,37200.0765696483
1381722.91839853,-121617.060189467,30570.4358641805,31096.2591799326,48036.5740861146
2337410.77109563,-266176.951966065,48836.9748284139,48690.9984619857,37285.0935925671
2678817.48223331,-310064.790352443,61393.9629170942,46162.7285824002,6502.69649622836
1939621.33639041,-139481.222660225,56361.2403518215,26019.787965325,21369.5977107924
2068570.78532839,-240979.061499188,45070.6257583802,39278.6648760965,16969.7929788949
1634875.48756584,-179416.686644696,41658.1176841562,22715.5543148775,-10180.549458716
1978369.24348891,-171285.434325984,52710.6675675055,30243.8497578882,20148.1642228143
2624879.79072781,-361289.314965712,51573.5334721616,51165.7763714695,-1485.86655343617
2705554.68741287,-358851.949905808,56297.1174669273,49501.2795133044,-6212.48437894275
2231344.20934676,-263471.984819223,46042.020497111,46090.1875546684,29510.1092273182
2174159.9930296,-203614.95594205,58993.540532031,29290.9611366968,841.362257873181
1363526.12349354,-88996.9724413998,41691.8847266375,16185.6852972445,12119.0249898077
1742777.97397671,-171686.048151773,46694.5529988004,23243.0181597584,-4474.31153762868
2502618.19598525,-279430.157514699,57408.145237259,44525.5652462752,16118.8885170628
2177035.75739371,-174993.39325718,59899.7160862711,32094.3211383491,24846.9310630098
978145.474730048,-43446.4098928717,30614.9529854662,13373.9185443202,25050.9050933382
2130013.19202717,-245304.366918476,51071.9040701615,33198.1251228354,-6505.15954458776
2504114.98982665,-263335.742467523,56087.7901173463,49102.3922112458,40160.8450005315
1797147.12608964,-200334.565591474,35491.7568650937,41434.6864051953,44859.4342608878
1920889.22515961,-142637.897809397,54806.2559987522,26787.4145647058,22458.208528215
1434042.09490296,-100500.683815276,41718.257296032,19540.8334793498,18149.5909576869
2067192.89696858,-154070.707187713,60202.5301216443,26734.5277436321,16546.8580664216
2183021.58583292,-207094.592961093,55384.8203210264,35345.2767132152,20150.9189187949
2465490.75433719,-262190.675063793,57690.5229499561,43880.7370091206,22528.4717744528
1543562.79787322,-73672.7863483875,51207.1932928703,15600.5984520974,17736.4723789634
2502979.53481643,-260571.025899186,58636.4843415775,45232.0175527412,28076.4634182947
2416169.02979529,-228961.210706876,63805.1452831454,35054.5772658802,8284.62915244932
2591442.99163011,-209684.952984012,69662.4801545563,40697.7896960583,37586.8985700435
1603598.33162235,-100737.894043978,49716.0494525094,18467.4443676513,14246.3437645875
1506368.47589132,-238459.412095603,27509.489096676,28333.4561987782,-20113.8803307233
1959549.33796632,-187539.813919957,50315.2600459399,30517.6581073448,13005.5926123319
2373901.03298341,-270169.597537862,52055.6120844997,45438.9134830903,23940.4090530775
2223746.63864163,-237701.756443151,48446.546528556,45281.7404739542,39600.633456674
2317837.03804857,-243145.964616316,55682.8862077707,39350.9045924834,16204.2086523022
2907125.31761998,-405011.681750898,60106.7796451426,51042.1218162388,-23801.38403342
1806314.49498099,-178849.494180489,44820.1756983218,29845.8880025463,15096.6353185072
2381968.17041483,-333841.607589241,47059.0467284389,45125.3719377392,-8984.23843934948
2229448.66785752,-251462.279023172,53978.4220880034,34640.5997020928,-4522.11407299498
1838593.35170959,-209220.496092336,44497.7625851086,28326.5790382359,-5512.54102469937
2413243.13698547,-311457.309518356,50912.6738348824,44233.8003833084,-984.538490251256
1914493.35049352,-266158.93947844,30382.924011147,48811.003308495,37742.5818111338
2124981.1797179,-309751.504259628,38801.0027860238,43782.5041618485,-1630.57799087685
1657155.21862298,-196970.396772859,36722.4452439587,29905.9654457774,6218.74452094068
1727223.05339072,-174722.520331168,41463.7630327276,30302.123658449,18683.4692280051
2225033.58132642,-275828.559780733,43066.9547206933,48776.75846806,32807.5925115838
2310174.36504707,-266398.561783908,53823.0514254637,38528.2640641775,1665.89979850031
2594383.64970573,-306186.835413807,59821.1300252264,43295.7397932112,-1524.47727739991
1849534.15176638,-212136.076521855,42726.1647091246,31612.9801633569,4627.68555572318
2287867.98675184,-350239.488221663,40031.61017622,47610.3493646465,-8434.37398466752
1530038.46854166,-121438.92283767,39583.1114101049,26912.4485503781,33400.6669893962
2324371.99162745,-346027.870041293,45854.1127363633,41253.5152086663,-28639.1626819789
1828463.41091378,-178948.442680092,47609.7093184744,26828.2503443189,4446.158452902
1607317.41978594,-100423.268830707,54836.1753383827,10374.2498341423,-13822.8004418775
1776513.76196428,-199245.079246323,46786.7515783161,21570.4248932033,-24135.6956837955
1627899.30825357,-223444.066067059,29215.1073113998,36362.9519921016,15573.1639415852
2173055.64223631,-215283.755176031,49085.6572444986,43829.2274962583,45764.7132264556
1722028.28324762,-27043.954866899,61871.8681065156,17486.9791690518,47692.8070959964
2038679.55748027,-149833.729970874,61916.0126851033,22485.7553108047,3744.4758329447
2438434.85847824,-366403.311626919,42110.3678188877,52645.4599657549,1060.88582963512
1635809.50835844,-206173.897792938,34522.2345636243,30661.0065017674,4235.47393056826
2719527.55383069,-221757.316115935,74580.6049186527,40057.001319306,29202.204635677
2089769.22423558,-280473.685603031,48375.7805752058,29730.6467862268,-36233.9392596004
1944218.42747351,-184178.177239373,49025.4874989438,32014.171148485,19954.0094884458
2223838.24925881,-237401.829502332,54205.7418869815,35872.4420660524,6889.19237984893
1761177.19444461,-245406.955901619,33859.6054338088,35109.6184279901,121.230062977926
2009468.44625029,-281858.85143548,42717.8088880871,33074.3978895793,-25122.4006264025
1600823.49615698,-190352.109168579,34595.5759470999,30302.0351485626,10883.4716443409
1188820.28384455,-67526.750037472,43069.053859894,4521.39110201276,-17981.1354491173
2621849.06153765,-346459.331162585,51188.4943300456,53686.555003337,14693.8425361533
2328982.77579985,-376162.48265994,36352.9054201309,52904.2420824304,-2898.03355026838
1893521.4114129,-136027.458198171,55899.8267936731,23989.1825828077,15926.3944836713
2052620.62549938,-184778.363163688,52893.4402881734,33318.9247789003,24220.0815876757
2287516.72210238,-331443.747278993,40957.8497437936,48752.7530471249,4925.22465604111
2483356.64933704,-325797.177265788,52263.2494238106,44982.900230522,-5447.96912432006
2648451.47914415,-328806.712550836,57480.8116249384,47766.0161874577,2765.15541939379
2067213.12214632,-166626.782990653,60610.9525326174,24282.530818402,1652.12993571013
2861933.11819487,-455010.373714481,47871.5172135347,60772.6809619797,-14865.5165811094
1793664.36675868,-166924.454600259,49063.6320608895,23665.4004022967,-612.364278123929
2276358.00232172,-275378.683380988,49132.8586501808,42539.1634188329,11131.8973028569
2458982.17722648,-233869.172658858,64414.6175605504,36412.7598044569,10583.333804012
2189471.79181156,-173623.116804156,61250.7189227799,30962.8968203797,21590.8347977458
2052670.57423386,-136901.155387337,58344.0156775704,31205.8420181898,40837.5144624708
1699540.51949811,-132224.437700101,47126.5920015931,25086.03187469,21673.4206332773
2492035.59163551,-269512.620575222,53732.4143416641,51226.5979575681,44515.7394948411
2239845.78614748,-247319.567074063,54032.903312207,35895.1322776275,2041.48070559388
1794914.71091934,-179113.733597778,39583.2670571068,37592.1794921438,42013.3682000066
1683919.72969837,-206029.328628989,32716.9548467926,37096.3283306103,26868.1781563521
2207763.12686599,-236357.018409591,56418.3002765162,31248.2924693913,-8834.17770468064
1368856.65983222,-119687.163751679,34706.8946881958,23659.7875524495,23043.4202497045
2240188.02943324,-282182.083569074,50016.8368848421,37537.2630968396,-9753.85681138955
1465668.29692848,-30560.4522684435,52502.4782134833,14063.6055004107,33944.6135138342
1846123.61343513,-137393.754071984,55638.6739030588,20814.3305716439,4205.07709944833
1831064.8364081,-149104.931046979,51894.2623751481,24236.0330506162,10277.7962592676
1653901.26215262,-166700.505873178,42671.4619370287,24213.2113732765,1409.27022113536
2395307.36882341,-256626.794991677,59863.6585989546,36071.8881656708,-2043.56584728593
2781577.12858569,-258958.274924017,67386.3376690625,50984.8754832474,49042.7941839356
1769139.12941522,-69313.6500149384,58811.7880892544,19846.7585593503,34836.0904580554
1690496.92533918,-218366.131122947,30563.4909867602,39336.7602059661,28504.261540549
2638111.87271378,-275171.659593043,63995.7618540294,43995.4475332104,16472.3991800787
1721078.62464478,-116249.157119188,49439.4405381373,25104.6779771112,29726.6762910362
2122704.48987913,-184698.219178183,55249.1427931929,34472.0059847752,28234.255538319
2315168.84797157,-208433.730528258,56220.3323587106,43236.1090262206,47070.4119676257
1908443.24837957,-163192.624988938,49033.139267933,32444.9089745261,32000.7955642488
2007535.45968116,-207865.342572429,49247.3680235127,32793.1565274879,10876.2198708497
2408096.15397601,-245183.162340587,60191.570693309,38077.2679121062,10702.1411348021
2253930.05591283,-229461.385498577,57116.0192248624,34399.8674666673,5638.54871327746
2171374.02437286,-190657.792090613,59902.6224604423,29443.4711006078,7725.22878368332
2598327.52874342,-214858.811867838,73829.2669523033,33613.8498053911,10266.3212100895
2652479.10455515,-298034.753944181,56644.1586369409,53828.3979238647,39457.6149919653
2548397.92757317,-369235.263164048,52073.8115738531,43736.6867960603,-31567.1926539618
1361906.50318766,-179156.434383518,27893.6688942438,25854.0292717238,963.083431793173
2351208.88340561,-133121.29400423,76917.1400324612,22550.8237766868,12342.3856126669
1960909.27293292,-241124.272210787,45173.2317820369,31400.1775931739,-10665.168075064
2858507.31207351,-243178.027560643,73747.3471509539,48287.7470094798,47382.0122021107
2256801.65132552,-244736.053179556,53746.4356800499,37926.7911841695,10321.0339797628
2317064.21613931,-210713.688108647,65384.3019889679,27984.9476315934,-7338.36262427183
2362959.82120203,-312318.740853934,48902.8967882376,43822.3456781802,-2832.27573621351
2080385.46485842,-170699.484780968,55114.7075469813,33666.2961127711,32447.9032502688
1655964.51918137,-61822.8769184033,52139.5797964226,23793.2150070858,52380.1868100818
2166304.65414779,-252256.186852872,48138.793006265,39611.9245421179,12514.6299237552
2460331.36764599,-317360.004578894,48796.0617537751,50241.4281017881,17140.5761475263
2500494.04649394,-283288.133190467,60128.3433584425,39344.6829813283,-3970.70120110207
1972525.59481108,-175945.641883289,47985.418530285,36920.0037113893,41332.8942145837
1359513.50767348,-140010.818258856,29623.175055592,28437.5687158294,29453.1385269194
2370838.45811087,-348098.825223505,48041.1075117017,40683.9853086953,-31585.0692571506
1946329.71111422,-166077.480802301,55397.9060553627,24294.2946510961,2095.34908364949
1767575.15247273,-108548.844121434,56164.5571635144,18468.5097551911,10317.6501131694
2288673.19535024,-256442.892366104,56165.6781747743,34566.4723150625,-7163.21346761051
1693108.55335405,-223529.835931557,33078.9847913092,34654.0649420096,9535.51648795687
2907950.24922419,-426026.186300316,53687.4205801119,58650.5553200281,-7668.82308528389
1923591.42328286,-115662.828729279,59678.5920994706,22836.526921081,22186.1590746114
2384674.08866026,-213581.863479433,62765.7868146766,36709.0632334904,21712.8952773027
2178794.22852264,-238849.631225528,47750.3872895588,43050.5309362219,31219.6870627876
2256885.1084452,-271851.663712757,46781.074138172,45505.9284411588,23329.1227186714
2281979.7045221,-150548.971901325,64878.3783187804,34892.7551534068,46882.2807770772
1509177.81174248,-178419.160896183,33320.7195422068,27567.4385857075,7277.24245423798
2123342.97356652,-296537.120581308,45631.7002308688,34342.1594813001,-28066.0673487286
2716472.17046332,-349758.903361262,54574.6207935745,54397.5599193716,15513.1842615977
1781050.06181904,-222842.380600808,33822.2623461877,39827.3900817583,27996.9769005099
1593896.59748572,-87899.9339111859,52796.2786243176,14555.2292744193,6975.28800974394
2788709.02885762,-258715.3501513,68778.6402105219,49234.5912865025,43017.5295526582
2132658.56851792,-209006.687377035,49959.3934656366,40405.0266091508,36895.3735737214
1953492.88619269,-191184.184784973,47215.4597503641,34664.2822816247,25749.8659784243
2168786.937972,-210992.116070511,54749.1171403405,34821.363788899,16395.4951554922
2008038.27406429,-226504.16453285,47209.2782921269,33502.102802066,3969.9873361243
2343113.25083977,-240079.655560347,58134.0037407906,37565.5948095525,11461.1326443611
2099556.58906606,-161060.735805766,59044.354644497,29961.3306696298,24383.5569533985
2070929.93677961,-195799.219920444,50026.9166123012,37770.1125166001,34355.9357649538
1562309.95536413,-161582.761260785,38233.0784225027,25686.4397517926,9077.70686371336
1881531.48239126,-258373.740343912,36817.7927254091,37001.4687527476,434.934831527282
2045501.25347066,-193496.076529363,44070.0263434468,46068.3742066645,64512.117237322
2354398.95904508,-229883.995503014,57973.8050054984,40092.061136538,25371.143406994
1981592.17734488,-323644.101605891,30417.9482534307,45337.4967645111,-3072.06410674905
1256187.47129338,-101399.328124214,31136.7484126745,24091.3123819738,33619.581126865
1929989.29686934,-216301.010995274,43462.201752399,35547.927844726,16233.7299579571
2267817.81844472,-225318.39410841,53943.9484798058,41172.5030272206,31535.7849704327
1556944.60736904,-138256.502552123,40864.3395183501,24319.9513226672,16035.9390512166
2716664.14449029,-326767.939399502,58867.4903709606,50658.1433705846,13831.4189750958
1849908.29671814,-139004.436844689,53333.6997015518,24651.9198901474,16812.2324142452
2043709.56783028,-210101.6871593,48293.6038176139,36645.1870850584,23255.615941051
2349959.69635473,-250117.464242788,58188.2813653178,36518.3233035508,2798.28536912139
2245952.57893928,-249774.882288563,53883.6516281937,36216.7030196685,1892.7353945372
1923245.7026163,-207642.855401906,45540.6497278784,32895.7541635653,11304.4158772128
2235647.90698945,-239713.884561442,52311.1493441816,39499.367871462,18426.0286327418
1955454.47489688,-155493.371818037,56475.1335797759,24688.3550810254,8652.47089461207
1765385.76971422,-111994.929051331,53562.8334486205,22106.3581177678,21339.691249158
1823485.94736739,-213215.993684931,43419.8979205052,28454.3136188675,-7034.70825203996
2364841.2135181,-268150.668275221,58552.0220506419,34426.7589615222,-13619.1690573475
2535885.02290156,-227372.010358189,61529.3622555862,47567.4782035705,52840.2126501617
2546246.05340786,-310218.979407412,52762.7455654334,50874.5413986454,22957.5422612062
2224225.38227395,-253178.398854765,51441.0466246219,38194.8146254475,7059.43733210842
2181733.20913236,-252904.231739811,49243.7491922016,38815.9162269315,9400.84303019273
2436194.73582096,-166518.847400112,71614.1584630279,32563.5511636055,30702.3706208712
2163699.39152378,-226771.462384915,52763.1553213579,35480.5308405303,10793.5837154129
1624791.03976921,-108978.89948274,48417.0597130006,20954.5413889821,18842.2992775337
1595510.07022337,-245886.853359479,24920.8219780275,37899.3372889576,9705.48747803098
1600541.2842144,-197676.830656729,34347.1823496947,29644.4641770625,4972.17884126483
2097670.92367297,-214322.521643121,49223.2679938944,38346.7877310055,27043.7962704051
2009395.32069999,-185167.060597414,52062.940448431,31540.186608455,17829.891167003
1843999.49178379,-116470.813996455,52768.7245886161,28383.8426516355,41036.2533394068
2287785.12538768,-244731.036947808,58215.0678044862,32808.8862319795,-7507.93715349487
1933494.05200834,-194713.737358009,48058.4759067954,31330.9508936629,12293.8518790121
2673046.83603041,-300177.358634167,62145.8879448256,45945.7820784237,10820.2210236042
2002912.40383447,-272704.947003216,40784.8395713042,37092.0808243713,-6497.24667827346
1833439.9604367,-205442.896045283,37915.5727955693,39324.9142615322,34957.1745251654
1448249.00300123,-132313.068602605,37710.1382244619,22591.4641419922,12852.0050185171
2770779.60454977,-375214.947886313,57422.9702418652,49968.2170962802,-12711.1598086293
2143001.90329613,-249827.060349557,49170.8005766077,36593.7044116076,3157.1874521156
2100257.6523102,-199243.614496411,57898.179218205,26437.1859659675,-7106.67121292189
2012029.80245022,-195122.835824627,47322.9357844292,38090.4664544682,35781.7702522883
1974064.00000202,-174184.132300489,44081.0789778719,43704.3402984488,65858.0891372421
1651436.10207401,-144940.570680295,46316.4742487349,21163.2286169844,1525.68361727178
2124509.29851574,-336934.988955216,31473.8317575827,51901.0697003056,13155.399837964
1734054.93444973,-192677.009260068,38303.8473958589,33419.6929482164,20594.7006858132
1835757.15563785,-185207.030167708,35579.6535364155,46211.7078064864,69179.1883801362
2519129.35348459,-313200.526129326,60543.2227197535,35722.6131908891,-31580.0692735148
1880583.99437806,-212259.29566451,44026.699086372,31675.7715543328,4720.88528607368
1834240.23956343,-134732.897188238,57894.5985279018,16650.7995337314,-9055.89514455487
2128885.46794465,-147081.19489354,65164.9060169196,23998.2778141281,10447.5038752617
2036035.86245807,-222944.79490018,48082.2519089006,34586.5970008257,9482.01564827986
2425696.45009792,-302239.483722393,52838.7890635235,43278.5254511714,403.823879501391
993563.54127168,-9860.97074311739,32489.3248060392,16183.2134584543,51683.1143504709
2246376.42115557,-301105.646493073,41813.302224802,48754.4111232424,20141.3067412995
2283098.25726989,-217150.717856762,50562.1484938284,48989.9046430298,62871.7074837592
1752924.07570313,-102127.379515074,52990.8690333615,23566.8374408906,31472.3325243671
2128678.53149733,-298614.490248591,42406.0188270112,39723.0056219311,-10306.2430051207
2458758.99966773,-172911.747657812,76848.589992268,24663.6078664579,-69.8243013636766
1907635.44565185,-195312.416958831,45416.0986090761,33748.0002131172,20460.768383259
2390786.96402092,-302988.217736792,50642.4355663004,44286.6273884668,3442.02117829915
2434323.85285443,-261634.435184555,56497.9186715352,43683.3964769877,22085.7937815522
1767668.34654335,-126265.511826748,49739.81365226,26508.2539636652,29651.4528391644
1779856.28258522,-170950.138089489,43564.3261297289,31133.6354552443,23422.4455330214
2047477.02547301,-151849.433741716,60453.0566396331,25238.3642900283,12307.743316583
2587674.63262006,-264261.303036576,66155.453232072,38395.4365990491,2129.22132274849
1729789.69269505,-157476.928588646,49703.0602895016,19409.2483556623,-10786.4137832833
1436036.57533097,-17416.9368065381,55622.6734540307,8706.74558448639,21817.8979719663
2385185.77902968,-280928.317333143,49025.8750149737,49698.1228187286,33446.7134818579
2946715.97722999,-377286.320755012,60164.5521770216,57734.7291299472,13406.6118050964
1616265.80708086,-152874.425250866,38438.3260574015,30449.6645976117,30072.3530544896
2638653.06740047,-179160.965418914,73208.6022399448,42611.0248709489,59550.59367048
1774152.64090297,-137105.871926066,43964.6875221166,34924.9721629028,53676.4256391541
2186502.63373767,-337846.809187722,35411.5058556191,49743.1379971599,5101.8904644773
2100611.42780995,-231905.402547057,46490.8217280693,40541.4393256938,25934.2368279013
2216952.3410589,-257276.679555282,51467.08484145,37036.6396511615,955.787245077317
1884431.99321928,-61419.4596658247,66236.2120768023,17008.6354823413,28796.2684780322
2587665.23561693,-293145.870450952,59112.0967677132,45829.5568079775,13832.737198465
1982491.47355748,-179390.224940377,51424.5843204579,31491.4638495314,20551.7515613329
1426100.48876189,-151150.033430668,36105.1647601184,20965.0991528497,-2180.29228818402
1718342.21573852,-152853.969519573,41339.6225532789,32982.0333508667,39107.5583166528
2003375.50177078,-209364.881971964,48367.1506777071,33732.218402077,13316.4006704626
2989791.60958064,-307140.790487754,75530.2611346059,45592.0687266615,6081.60084089873
1321539.45346461,-136406.202694459,31397.7242578159,23326.03967736,13467.5725476963
2167975.14427063,-172946.043992447,61310.5465184602,29423.5637268156,16527.9675999175
2234211.33727096,-253573.281683399,44727.6574276608,49881.1992838316,47737.2802338769
2922667.79199403,-354529.778276827,66659.9089998742,48586.6576877003,-7214.479766675
1936951.76924742,-197970.947404588,38607.993600266,46632.1454390236,64179.8240698196
2630119.95751697,-362268.594817821,51436.2323466275,51615.2394534788,-466.247729260243
1859971.08209495,-222129.296744846,39004.4905829725,37040.309798299,18492.8674992013
2279575.39182391,-256545.09672725,59035.1642636168,29181.1631313023,-26162.8272949851
2619109.05587149,-279987.976121892,64837.7948873809,40552.0406186342,1910.78939340556
2756326.39307183,-259751.931144269,69507.2100640115,45587.2312582593,29635.4672825747
2889309.24911159,-363893.229885086,57976.0065758952,59136.3327147105,25104.6611715804
1910867.05287634,-61029.400241355,68432.6625457782,15350.1766728881,23211.444435051
2470519.49953712,-252775.66893113,62464.2390866165,37732.3570306682,5664.69392934627
2370692.27219865,-334655.192368022,48681.2508817599,41547.9458286965,-21871.4493211566
2250087.47825288,-254089.862155153,54770.372382847,34454.0134463962,-6456.49254118835
1428793.34033477,-115217.727252089,40280.0578852407,19421.7775151489,10403.4246935191
2185063.78867943,-242017.600703441,48147.9783059901,42415.0089208624,27432.743499814
2065867.33864938,-127144.66167826,62209.6370834882,27209.1425873608,31748.909627794
2360367.7862313,-262497.385925425,55412.8414348235,40058.6149883051,8942.23901692182
2441617.24575258,-284654.348147098,54573.5733162533,44075.5170601785,11968.9493117522
2203700.51109732,-311297.11764443,39618.6896031279,47839.5701047459,11742.9695495252
1490590.02783819,-103833.023914596,43954.8676966588,19421.3620261443,16156.9106591145
2074005.86388852,-229231.882618161,42353.9398624643,45817.4184817912,45742.8977117231
2007089.38162653,-191101.897101641,53952.958700135,27430.1864305398,465.749438192164
1497556.16060722,-132865.093251354,40094.9236953344,22109.8052615104,10904.7456089529
2561467.30857142,-304011.396027522,55620.4139009905,48143.2066591943,16574.5258488599
2241452.9147984,-348823.706957457,38835.8358806646,46462.5997326498,-11765.3178637012
2496225.34940543,-234789.154517031,68285.3045813536,32574.16732295,-3420.58470405896
2372481.97779382,-260096.08413006,54605.913494781,42595.4070623834,19005.2389721821
1633829.00623885,-137658.799580062,42989.9638774673,26396.7425857694,23541.3825547819
1991662.62283069,-158795.324060417,52410.4593250122,33489.6842094796,37801.8041876063
2000407.73449251,-227234.466065682,46475.4680077204,34062.7676623913,5685.88087122986
1960282.78381722,-137107.065115628,53711.4795975966,32192.59945496,44078.0124246871
2400593.80358901,-300947.582641243,52435.327187603,42340.9873649724,-2291.1243463907
2395379.70420801,-386645.721373337,39858.8582733853,50373.2753549595,-16925.6615900453
1916024.64833897,-260953.908560572,42086.8612118053,30442.289372211,-23920.2689110399
2041306.80588182,-168456.520561348,52995.9368473956,34673.4154764427,37081.0054988117
2880787.02381398,-317307.751230919,66390.5190875156,51367.573491655,21097.4422261091
2237929.28839414,-197247.066156124,60846.1700867092,31709.5802947346,12391.5622010295
1220366.13616488,-44371.1043611575,43754.3252638191,8959.61829392896,9127.73225976212
2277097.92581876,-187568.343167658,58259.2290164749,40139.8378644793,46725.1091081353
1714425.88574079,-104863.223163297,49514.3164724371,26135.3198888874,39022.9100811849
1939779.47806319,-185159.046757581,53013.136517184,25014.6159399607,-5074.794223985
2638821.73201008,-370058.798654712,52603.6149073656,49208.1681358485,-12820.3396563245
3261010.8878378,-343013.295508746,75754.4976372339,59479.9800701523,36705.9176185973
1461171.96067034,-119708.751624377,38147.1118941278,24602.1745859646,26212.2361203468
2422631.31027048,-307463.259111683,51009.1985901286,45310.2518166676,4780.38029820572
1602808.02756621,-192644.492334661,32200.2271203238,34058.5216163037,22929.0393114219
2407315.76128982,-305873.985735204,55898.3592295876,36418.0745922045,-25464.6220782272
2717653.45957132,-327061.862172119,60966.084717214,47222.367014564,1697.17054133107
2427887.21067204,-212642.127258644,64456.6224110115,37136.7451844107,23700.1441105219
1395126.39535577,-158492.828371002,30748.5474816288,26486.3464613924,13541.7672195208
2135779.10656429,-233396.354436144,54127.6949719403,30295.9112525714,-10637.7528823067
2547326.67989467,-222312.173666096,65933.6995138365,41861.3525529887,35305.3226135394
1227943.50830634,-5097.49796500057,45859.841369577,11640.526681401,38261.1867840404
2403127.38525161,-329293.530650733,47878.4946791805,45952.4438184847,-3800.79676914002
1637488.10954605,-112621.965238849,49634.6277779526,19328.4990116776,11290.6674175396
2101667.80354263,-187305.92407345,53650.1875143304,35219.3106281838,29612.278789205
2100450.49846211,-167069.185954383,56651.5987574597,33096.4102240804,32274.4968543733
2777226.75942674,-326502.370591094,63178.2088371148,47930.6948602434,4425.04770730271
2170995.49108762,-263270.968515543,49045.1240955501,36888.4931505663,-2570.79679136198
2115931.15803747,-208273.604104402,51962.7804547247,36019.3913490521,21901.5081369077
2990900.36906133,-340461.13670047,74879.9787722146,41981.358088586,-23320.3643605935
2013775.5999146,-195227.926300968,54310.9892811499,26729.8544380957,-4001.55178696725
1996547.09410463,-170259.675303712,51887.5310932983,33041.0114393362,30471.7425411488
2227218.44281791,-365528.634524929,36577.5687471655,46775.8441380777,-19075.9681102861
2358006.36076559,-310833.876466468,50028.5604762223,41834.7362097985,-9015.5425356528
1681278.65103946,-135340.91303752,47786.7384683312,22245.0329324747,10184.2987277127
2270349.84859265,-271866.99055256,49889.5417019063,41379.5636741088,8958.52997725577
1692271.95367437,-188715.157210033,44245.8235872883,21224.1037539628,-20080.8951537456
1703619.2011518,-152617.594454465,43131.843475573,29016.8919628033,25187.5768378184
2325231.66578899,-340683.851649326,42792.2636817988,47109.2038385701,-5429.12674167527
1403624.37418485,-63929.2801396668,47854.9548460023,12489.5482455415,11838.8212519356
1901865.72310295,-98148.0921313616,63681.3264802863,17209.8580911917,11068.5558599809
2619983.81845546,-278287.365258281,60490.8662655933,48013.7267282642,28932.5748166237
1764171.79859291,-160489.727844793,46400.2488205694,26852.0721594735,13680.3708057278
2040956.68256845,-307371.005375407,33140.8354546126,47437.0701857891,12313.0402890348
1696071.00964199,-136867.078576959,41554.1657146405,33317.4979924389,48094.8168800443
2054669.38349252,-230072.711263047,45422.3946675949,39277.7567836292,22437.8976404063
2271800.53664309,-247017.94822246,51036.380042283,43132.7888962924,27470.8092522021
1696913.88090687,-150245.998273654,43373.9272429919,28487.8813063996,24497.9725366139
2399876.07667541,-170597.597331588,70066.8069083189,31954.0907685339,26432.6925329048
1784279.57293313,-132481.887555251,47277.3246558165,30849.0283035436,41714.7293407599
2583745.43213112,-414393.081055678,37860.5552976049,63160.8427602238,13857.9167806681
2053372.2196648,-214042.302030104,48587.3824271749,36261.4706909758,19856.8789284486
1813490.90231659,-169377.917974246,39946.2241840659,39728.0042311109,54392.6826562854
2052820.22067182,-212299.002056074,51561.5570727533,31592.4645905905,4399.23373141042
1952871.21563387,-146533.257032942,52336.3361408987,32582.0935734539,40820.1795907247
2586599.92615338,-335825.702624346,53555.8761162838,48787.5466885731,2858.43607855357
1465067.23873465,-122793.06776619,33781.4174087579,31611.1633046261,49202.7935064046
2179972.67681807,-243135.731724697,52207.1129097065,35201.3630276076,1675.05240478691
2311910.70528619,-273877.156496122,53104.5008054165,38769.6216414107,-1287.4455343051
1539287.74480234,-143273.014963399,35788.9155249551,30682.7625496212,35728.0524889905
2760962.02503555,-313393.855374324,59553.6563973041,54590.6415617703,34298.6306522582
1805777.39423753,-92722.8273471792,57841.7087909434,20715.4038777883,26034.2167492016
3140541.34206526,-344920.50499134,72996.1936115445,55112.9297984563,20463.7705868057
1988292.6620132,-180675.111761521,51567.0298737573,31484.0811112082,19837.196066838
2296203.08333923,-227652.080659495,50467.33527518,48571.1964684949,56095.2141209301
1646808.37723183,-132339.056495428,50965.8583408244,15008.2258899253,-13650.6899043617
2432794.6234084,-321444.477482255,50697.662309003,44560.8062142845,-4726.72634106539
1992661.07819668,-327615.550545166,31515.2722466233,43764.3126497687,-10582.8024581219
1252660.42388831,-87444.5479454193,33288.7294135776,22287.8302843991,34215.1098075269
1856314.08584942,-170783.056748512,49224.610332088,27316.7612151037,10087.1612933227
2001114.8421908,-233851.807447089,44189.326194335,36935.2484547022,12399.8308820641
2260150.49050421,-223725.153551823,50547.3652505743,46438.3542879701,50666.1363667827
1416440.84105464,-184697.913743936,28887.9162673947,27340.0069597133,3419.47094430928
1500810.71314673,-118392.428895906,35013.0174547324,32758.740009467,55455.8920248657
2369623.80409771,-381402.635980634,38985.1656106126,50713.4693497734,-13188.8162728727
1875566.73179724,-83373.4739470813,59860.5822106025,23726.5275914851,41356.7122609698
2056144.71041132,-268131.253108107,39015.0999290988,44477.9398071686,21462.4200514965
2043274.07546793,-262097.662093954,42004.8604642347,39487.681892349,7227.9896001675
1792643.29407561,-144463.247796369,50798.7381867405,23941.8547144367,11543.2619322585
1701342.99165142,-114506.998565007,46772.5363817489,28321.3215782622,41779.4933555783
2186860.61360001,-201738.29308042,51464.1717866796,42832.775103022,49076.1174475377
2804277.06540183,-299647.807403219,73050.6198204569,37489.5943271213,-18569.3564210269
1936730.3465479,-177908.264142397,38753.9632874176,49250.9827746748,83421.892167141
1624726.73679828,-69627.3613414824,46945.303600902,28982.1603790841,66558.8530875554
1513412.46663447,-116033.047123702,44832.4055025627,17855.1230362052,4493.56330688761
2716578.26448758,-291025.740188834,65123.9542683245,45478.2692647826,13712.3618958613
1775385.35485546,-198931.326076899,42305.1507710972,28913.7838156587,1729.05288926655
2092734.00680365,-227345.662347997,49179.1309622428,36203.4052682256,13139.9782281962
2673378.06097829,-305886.094951891,57871.3361432271,52190.418138518,29797.1887649167
1748029.20047349,-193227.857461185,39414.094640516,32495.859476888,17067.2562986112
2868983.99671245,-315742.711432171,66551.7581574201,50495.5532739698,18840.1399640867
1800355.56657237,-79265.3200398695,56757.6241547425,24028.6035006755,44576.1520539278
2258325.6216933,-367878.764045648,39257.9339046965,44255.1123611624,-29077.369571617
2283438.35124949,-252164.146262288,54545.7780905774,37467.99211871,5171.13905196358
1803009.64313138,-157693.998266067,47866.9285676693,27632.2846064855,17888.3454252578
1846110.50370227,-156693.450702736,53132.2877199433,22199.9106111035,-662.012746353677
1986114.28438302,-178069.254298806,49100.2480298434,35766.4366359451,36219.3248057408
2423239.22072842,-250555.009308263,60705.1603677834,37551.6476245408,6089.88715755947
1871035.86738564,-251467.032764344,36488.9961429667,37774.4681703468,6416.39692454469
2005284.43321634,-205086.935128119,44773.8330280408,40368.5602223155,38780.236010597
1816825.40503355,-149282.145268182,47508.093222446,30395.1443402329,31685.8814612301
